{
  "gyro_bias": {
    "x": -2.634523066511085,
    "y": -0.24624777946324392,
    "z": 0.17086499474912484
  },
  "accel": {
    "offset": {
      "x": 0.03416072385491886,
      "y": 0.008513071697169083,
      "z": 0.0183754135989177
    },
    "scale": {
      "x": -1.0003212292700812,
      "y": 1.0027925475336004,
      "z": -1.0206728237551679
    }
  },
  "mag": {
    "offset": {
      "x": 8.056933,
      "y": 1.5389649999999975,
      "z": 7.744044
    },
    "scale": {
      "x": 0.897121455567319,
      "y": 0.7584563257054198,
      "z": 1.7641156876006363
    }
  }
}